exp,dataset,silos,revocation_ratio,shadow_ratio,method,hit_rate,mia_auc,elicit_rate,recall10,ndcg10,em,f1,reindex_seconds,bytes_transferred,peak_vram_mb,n_vectors_touched,seed,rho_hat,rho_hat_tv,rho_hat_ret,rho_hat_bound,n_unrel,unrel_reliable,recall10_unrel,recall10_unrel_before,delta_recall10_unrel,ndcg10_unrel,delta_ndcg10_unrel,utility_primary,primary_value,faithfulness,n_official,ndcg10_official,recall10_official,n_synthetic_q,ndcg10_synthetic,recall10_synthetic,residual_doc_rate,residual_doc_rate_cond,n_shadowed_forgotten,n_forgotten_docs,self_probe_residual,real_query_residual,real_query_residual_k50,retrieved_surrogate_fraction_realq,revoked_evidence_residual,unrel_query_residual,n_self_probes,n_real_queries,n_revoked_evidence_queries,n_unrel_queries,retrieved_surrogate_fraction,n_surviving_surrogate_docs,detector_variant,sim_threshold,lsh_threshold,n_pairs,miss_rate,mean_closure_size,hit_seed,hit_surrogate,n_replica_control,n_vectors_delta,m2_closure_s,m3_erase_s,m4_repair_s,m2_share,m3_share,n_qa_items,elicit_flags,gold_ref_scope,elicit_rate_closed_book,elicit_flags_closed_book,surrogate_hit_rate,n_surrogates,n_queries,n_deleted,n_alive_after,recall_min,recall_std,n_seed,n_closure,closure_precision,closure_recall,n_reconnected,score_shift,elicit_measured,notes
rerun_tierb_ds2,ds2,5,0.05,0.1,detect_vector_only,0.995,,,,,,,,,,,20260214,,,,,,,,,,,,,,,,,,,,,,,,,,,,,,,,,,,,,detect_vector_only,0.85,0.5,200,0.005,7.735,,,,,,,,,,,,,,,,,,,,,,200,,,0.995,,,,"stage=e7; tau=0.850; jaccard=0.500; channels=vector; fingerprint={""provided"": 156671}"
rerun_tierb_ds2,ds2,5,0.05,0.1,detect_text_only,0.965,,,,,,,,,,,20260214,,,,,,,,,,,,,,,,,,,,,,,,,,,,,,,,,,,,,detect_text_only,0.85,0.5,200,0.035,7.345,,,,,,,,,,,,,,,,,,,,,,200,,,0.965,,,,"stage=e7; tau=0.850; jaccard=0.500; channels=text; fingerprint={""provided"": 156671}"
rerun_tierb_ds2,ds2,5,0.05,0.1,detect_dual,1.0,,,,,,,,,,,20260214,,,,,,,,,,,,,,,,,,,,,,,,,,,,,,,,,,,,,detect_dual,0.85,0.5,200,0.0,22.015,,,,,,,,,,,,,,,,,,,,,,200,,,1.0,,,,"stage=e7; tau=0.850; jaccard=0.500; channels=vector+text; fingerprint={""provided"": 156671}"
rerun_tierb_ds2,ds2,5,0.05,0.1,detect_vector_only,0.995,,,,,,,,,,,20260214,,,,,,,,,,,,,,,,,,,,,,,,,,,,,,,,,,,,,detect_vector_only,0.85,0.7,200,0.005,7.735,,,,,,,,,,,,,,,,,,,,,,200,,,0.995,,,,"stage=e7; tau=0.850; jaccard=0.700; channels=vector; fingerprint={""provided"": 156671}"
rerun_tierb_ds2,ds2,5,0.05,0.1,detect_text_only,0.86,,,,,,,,,,,20260214,,,,,,,,,,,,,,,,,,,,,,,,,,,,,,,,,,,,,detect_text_only,0.85,0.7,200,0.14,2.315,,,,,,,,,,,,,,,,,,,,,,200,,,0.86,,,,"stage=e7; tau=0.850; jaccard=0.700; channels=text; fingerprint={""provided"": 156671}"
rerun_tierb_ds2,ds2,5,0.05,0.1,detect_dual,0.995,,,,,,,,,,,20260214,,,,,,,,,,,,,,,,,,,,,,,,,,,,,,,,,,,,,detect_dual,0.85,0.7,200,0.005,8.075,,,,,,,,,,,,,,,,,,,,,,200,,,0.995,,,,"stage=e7; tau=0.850; jaccard=0.700; channels=vector+text; fingerprint={""provided"": 156671}"
rerun_tierb_ds2,ds2,5,0.05,0.1,detect_vector_only,0.995,,,,,,,,,,,20260214,,,,,,,,,,,,,,,,,,,,,,,,,,,,,,,,,,,,,detect_vector_only,0.85,0.8,200,0.005,7.735,,,,,,,,,,,,,,,,,,,,,,200,,,0.995,,,,"stage=e7; tau=0.850; jaccard=0.800; channels=vector; fingerprint={""provided"": 156671}"
rerun_tierb_ds2,ds2,5,0.05,0.1,detect_text_only,0.705,,,,,,,,,,,20260214,,,,,,,,,,,,,,,,,,,,,,,,,,,,,,,,,,,,,detect_text_only,0.85,0.8,200,0.295,2.13,,,,,,,,,,,,,,,,,,,,,,200,,,0.705,,,,"stage=e7; tau=0.850; jaccard=0.800; channels=text; fingerprint={""provided"": 156671}"
rerun_tierb_ds2,ds2,5,0.05,0.1,detect_dual,0.995,,,,,,,,,,,20260214,,,,,,,,,,,,,,,,,,,,,,,,,,,,,,,,,,,,,detect_dual,0.85,0.8,200,0.005,7.79,,,,,,,,,,,,,,,,,,,,,,200,,,0.995,,,,"stage=e7; tau=0.850; jaccard=0.800; channels=vector+text; fingerprint={""provided"": 156671}"
rerun_tierb_ds2,ds2,5,0.05,0.1,detect_vector_only,0.995,,,,,,,,,,,20260214,,,,,,,,,,,,,,,,,,,,,,,,,,,,,,,,,,,,,detect_vector_only,0.85,0.9,200,0.005,7.735,,,,,,,,,,,,,,,,,,,,,,200,,,0.995,,,,"stage=e7; tau=0.850; jaccard=0.900; channels=vector; fingerprint={""provided"": 156671}"
rerun_tierb_ds2,ds2,5,0.05,0.1,detect_text_only,0.34,,,,,,,,,,,20260214,,,,,,,,,,,,,,,,,,,,,,,,,,,,,,,,,,,,,detect_text_only,0.85,0.9,200,0.66,1.745,,,,,,,,,,,,,,,,,,,,,,200,,,0.34,,,,"stage=e7; tau=0.850; jaccard=0.900; channels=text; fingerprint={""provided"": 156671}"
rerun_tierb_ds2,ds2,5,0.05,0.1,detect_dual,0.995,,,,,,,,,,,20260214,,,,,,,,,,,,,,,,,,,,,,,,,,,,,,,,,,,,,detect_dual,0.85,0.9,200,0.005,7.79,,,,,,,,,,,,,,,,,,,,,,200,,,0.995,,,,"stage=e7; tau=0.850; jaccard=0.900; channels=vector+text; fingerprint={""provided"": 156671}"
rerun_tierb_ds2,ds2,5,0.05,0.1,detect_vector_only,0.995,,,,,,,,,,,20260214,,,,,,,,,,,,,,,,,,,,,,,,,,,,,,,,,,,,,detect_vector_only,0.9,0.5,200,0.005,2.46,,,,,,,,,,,,,,,,,,,,,,200,,,0.995,,,,"stage=e7; tau=0.900; jaccard=0.500; channels=vector; fingerprint={""provided"": 156671}"
rerun_tierb_ds2,ds2,5,0.05,0.1,detect_text_only,0.965,,,,,,,,,,,20260214,,,,,,,,,,,,,,,,,,,,,,,,,,,,,,,,,,,,,detect_text_only,0.9,0.5,200,0.035,7.345,,,,,,,,,,,,,,,,,,,,,,200,,,0.965,,,,"stage=e7; tau=0.900; jaccard=0.500; channels=text; fingerprint={""provided"": 156671}"
rerun_tierb_ds2,ds2,5,0.05,0.1,detect_dual,1.0,,,,,,,,,,,20260214,,,,,,,,,,,,,,,,,,,,,,,,,,,,,,,,,,,,,detect_dual,0.9,0.5,200,0.0,7.82,,,,,,,,,,,,,,,,,,,,,,200,,,1.0,,,,"stage=e7; tau=0.900; jaccard=0.500; channels=vector+text; fingerprint={""provided"": 156671}"
rerun_tierb_ds2,ds2,5,0.05,0.1,detect_vector_only,0.995,,,,,,,,,,,20260214,,,,,,,,,,,,,,,,,,,,,,,,,,,,,,,,,,,,,detect_vector_only,0.9,0.7,200,0.005,2.46,,,,,,,,,,,,,,,,,,,,,,200,,,0.995,,,,"stage=e7; tau=0.900; jaccard=0.700; channels=vector; fingerprint={""provided"": 156671}"
rerun_tierb_ds2,ds2,5,0.05,0.1,detect_text_only,0.86,,,,,,,,,,,20260214,,,,,,,,,,,,,,,,,,,,,,,,,,,,,,,,,,,,,detect_text_only,0.9,0.7,200,0.14,2.315,,,,,,,,,,,,,,,,,,,,,,200,,,0.86,,,,"stage=e7; tau=0.900; jaccard=0.700; channels=text; fingerprint={""provided"": 156671}"
rerun_tierb_ds2,ds2,5,0.05,0.1,detect_dual,0.995,,,,,,,,,,,20260214,,,,,,,,,,,,,,,,,,,,,,,,,,,,,,,,,,,,,detect_dual,0.9,0.7,200,0.005,2.53,,,,,,,,,,,,,,,,,,,,,,200,,,0.995,,,,"stage=e7; tau=0.900; jaccard=0.700; channels=vector+text; fingerprint={""provided"": 156671}"
rerun_tierb_ds2,ds2,5,0.05,0.1,detect_vector_only,0.995,,,,,,,,,,,20260214,,,,,,,,,,,,,,,,,,,,,,,,,,,,,,,,,,,,,detect_vector_only,0.9,0.8,200,0.005,2.46,,,,,,,,,,,,,,,,,,,,,,200,,,0.995,,,,"stage=e7; tau=0.900; jaccard=0.800; channels=vector; fingerprint={""provided"": 156671}"
rerun_tierb_ds2,ds2,5,0.05,0.1,detect_text_only,0.705,,,,,,,,,,,20260214,,,,,,,,,,,,,,,,,,,,,,,,,,,,,,,,,,,,,detect_text_only,0.9,0.8,200,0.295,2.13,,,,,,,,,,,,,,,,,,,,,,200,,,0.705,,,,"stage=e7; tau=0.900; jaccard=0.800; channels=text; fingerprint={""provided"": 156671}"
rerun_tierb_ds2,ds2,5,0.05,0.1,detect_dual,0.995,,,,,,,,,,,20260214,,,,,,,,,,,,,,,,,,,,,,,,,,,,,,,,,,,,,detect_dual,0.9,0.8,200,0.005,2.495,,,,,,,,,,,,,,,,,,,,,,200,,,0.995,,,,"stage=e7; tau=0.900; jaccard=0.800; channels=vector+text; fingerprint={""provided"": 156671}"
rerun_tierb_ds2,ds2,5,0.05,0.1,detect_vector_only,0.995,,,,,,,,,,,20260214,,,,,,,,,,,,,,,,,,,,,,,,,,,,,,,,,,,,,detect_vector_only,0.9,0.9,200,0.005,2.46,,,,,,,,,,,,,,,,,,,,,,200,,,0.995,,,,"stage=e7; tau=0.900; jaccard=0.900; channels=vector; fingerprint={""provided"": 156671}"
rerun_tierb_ds2,ds2,5,0.05,0.1,detect_text_only,0.34,,,,,,,,,,,20260214,,,,,,,,,,,,,,,,,,,,,,,,,,,,,,,,,,,,,detect_text_only,0.9,0.9,200,0.66,1.745,,,,,,,,,,,,,,,,,,,,,,200,,,0.34,,,,"stage=e7; tau=0.900; jaccard=0.900; channels=text; fingerprint={""provided"": 156671}"
rerun_tierb_ds2,ds2,5,0.05,0.1,detect_dual,0.995,,,,,,,,,,,20260214,,,,,,,,,,,,,,,,,,,,,,,,,,,,,,,,,,,,,detect_dual,0.9,0.9,200,0.005,2.495,,,,,,,,,,,,,,,,,,,,,,200,,,0.995,,,,"stage=e7; tau=0.900; jaccard=0.900; channels=vector+text; fingerprint={""provided"": 156671}"
rerun_tierb_ds2,ds2,5,0.05,0.1,detect_vector_only,0.975,,,,,,,,,,,20260214,,,,,,,,,,,,,,,,,,,,,,,,,,,,,,,,,,,,,detect_vector_only,0.92,0.5,200,0.025,2.425,,,,,,,,,,,,,,,,,,,,,,200,,,0.975,,,,"stage=e7; tau=0.920; jaccard=0.500; channels=vector; fingerprint={""provided"": 156671}"
rerun_tierb_ds2,ds2,5,0.05,0.1,detect_text_only,0.965,,,,,,,,,,,20260214,,,,,,,,,,,,,,,,,,,,,,,,,,,,,,,,,,,,,detect_text_only,0.92,0.5,200,0.035,7.345,,,,,,,,,,,,,,,,,,,,,,200,,,0.965,,,,"stage=e7; tau=0.920; jaccard=0.500; channels=text; fingerprint={""provided"": 156671}"
rerun_tierb_ds2,ds2,5,0.05,0.1,detect_dual,0.99,,,,,,,,,,,20260214,,,,,,,,,,,,,,,,,,,,,,,,,,,,,,,,,,,,,detect_dual,0.92,0.5,200,0.01,7.75,,,,,,,,,,,,,,,,,,,,,,200,,,0.99,,,,"stage=e7; tau=0.920; jaccard=0.500; channels=vector+text; fingerprint={""provided"": 156671}"
rerun_tierb_ds2,ds2,5,0.05,0.1,detect_vector_only,0.975,,,,,,,,,,,20260214,,,,,,,,,,,,,,,,,,,,,,,,,,,,,,,,,,,,,detect_vector_only,0.92,0.7,200,0.025,2.425,,,,,,,,,,,,,,,,,,,,,,200,,,0.975,,,,"stage=e7; tau=0.920; jaccard=0.700; channels=vector; fingerprint={""provided"": 156671}"
rerun_tierb_ds2,ds2,5,0.05,0.1,detect_text_only,0.86,,,,,,,,,,,20260214,,,,,,,,,,,,,,,,,,,,,,,,,,,,,,,,,,,,,detect_text_only,0.92,0.7,200,0.14,2.315,,,,,,,,,,,,,,,,,,,,,,200,,,0.86,,,,"stage=e7; tau=0.920; jaccard=0.700; channels=text; fingerprint={""provided"": 156671}"
rerun_tierb_ds2,ds2,5,0.05,0.1,detect_dual,0.985,,,,,,,,,,,20260214,,,,,,,,,,,,,,,,,,,,,,,,,,,,,,,,,,,,,detect_dual,0.92,0.7,200,0.015,2.505,,,,,,,,,,,,,,,,,,,,,,200,,,0.985,,,,"stage=e7; tau=0.920; jaccard=0.700; channels=vector+text; fingerprint={""provided"": 156671}"
rerun_tierb_ds2,ds2,5,0.05,0.1,detect_vector_only,0.975,,,,,,,,,,,20260214,,,,,,,,,,,,,,,,,,,,,,,,,,,,,,,,,,,,,detect_vector_only,0.92,0.8,200,0.025,2.425,,,,,,,,,,,,,,,,,,,,,,200,,,0.975,,,,"stage=e7; tau=0.920; jaccard=0.800; channels=vector; fingerprint={""provided"": 156671}"
rerun_tierb_ds2,ds2,5,0.05,0.1,detect_text_only,0.705,,,,,,,,,,,20260214,,,,,,,,,,,,,,,,,,,,,,,,,,,,,,,,,,,,,detect_text_only,0.92,0.8,200,0.295,2.13,,,,,,,,,,,,,,,,,,,,,,200,,,0.705,,,,"stage=e7; tau=0.920; jaccard=0.800; channels=text; fingerprint={""provided"": 156671}"
rerun_tierb_ds2,ds2,5,0.05,0.1,detect_dual,0.985,,,,,,,,,,,20260214,,,,,,,,,,,,,,,,,,,,,,,,,,,,,,,,,,,,,detect_dual,0.92,0.8,200,0.015,2.47,,,,,,,,,,,,,,,,,,,,,,200,,,0.985,,,,"stage=e7; tau=0.920; jaccard=0.800; channels=vector+text; fingerprint={""provided"": 156671}"
rerun_tierb_ds2,ds2,5,0.05,0.1,detect_vector_only,0.975,,,,,,,,,,,20260214,,,,,,,,,,,,,,,,,,,,,,,,,,,,,,,,,,,,,detect_vector_only,0.92,0.9,200,0.025,2.425,,,,,,,,,,,,,,,,,,,,,,200,,,0.975,,,,"stage=e7; tau=0.920; jaccard=0.900; channels=vector; fingerprint={""provided"": 156671}"
rerun_tierb_ds2,ds2,5,0.05,0.1,detect_text_only,0.34,,,,,,,,,,,20260214,,,,,,,,,,,,,,,,,,,,,,,,,,,,,,,,,,,,,detect_text_only,0.92,0.9,200,0.66,1.745,,,,,,,,,,,,,,,,,,,,,,200,,,0.34,,,,"stage=e7; tau=0.920; jaccard=0.900; channels=text; fingerprint={""provided"": 156671}"
rerun_tierb_ds2,ds2,5,0.05,0.1,detect_dual,0.98,,,,,,,,,,,20260214,,,,,,,,,,,,,,,,,,,,,,,,,,,,,,,,,,,,,detect_dual,0.92,0.9,200,0.02,2.465,,,,,,,,,,,,,,,,,,,,,,200,,,0.98,,,,"stage=e7; tau=0.920; jaccard=0.900; channels=vector+text; fingerprint={""provided"": 156671}"
rerun_tierb_ds2,ds2,5,0.05,0.1,detect_vector_only,0.89,,,,,,,,,,,20260214,,,,,,,,,,,,,,,,,,,,,,,,,,,,,,,,,,,,,detect_vector_only,0.95,0.5,200,0.11,2.295,,,,,,,,,,,,,,,,,,,,,,200,,,0.89,,,,"stage=e7; tau=0.950; jaccard=0.500; channels=vector; fingerprint={""provided"": 156671}"
rerun_tierb_ds2,ds2,5,0.05,0.1,detect_text_only,0.965,,,,,,,,,,,20260214,,,,,,,,,,,,,,,,,,,,,,,,,,,,,,,,,,,,,detect_text_only,0.95,0.5,200,0.035,7.345,,,,,,,,,,,,,,,,,,,,,,200,,,0.965,,,,"stage=e7; tau=0.950; jaccard=0.500; channels=text; fingerprint={""provided"": 156671}"
rerun_tierb_ds2,ds2,5,0.05,0.1,detect_dual,0.975,,,,,,,,,,,20260214,,,,,,,,,,,,,,,,,,,,,,,,,,,,,,,,,,,,,detect_dual,0.95,0.5,200,0.025,7.6,,,,,,,,,,,,,,,,,,,,,,200,,,0.975,,,,"stage=e7; tau=0.950; jaccard=0.500; channels=vector+text; fingerprint={""provided"": 156671}"
rerun_tierb_ds2,ds2,5,0.05,0.1,detect_vector_only,0.89,,,,,,,,,,,20260214,,,,,,,,,,,,,,,,,,,,,,,,,,,,,,,,,,,,,detect_vector_only,0.95,0.7,200,0.11,2.295,,,,,,,,,,,,,,,,,,,,,,200,,,0.89,,,,"stage=e7; tau=0.950; jaccard=0.700; channels=vector; fingerprint={""provided"": 156671}"
rerun_tierb_ds2,ds2,5,0.05,0.1,detect_text_only,0.86,,,,,,,,,,,20260214,,,,,,,,,,,,,,,,,,,,,,,,,,,,,,,,,,,,,detect_text_only,0.95,0.7,200,0.14,2.315,,,,,,,,,,,,,,,,,,,,,,200,,,0.86,,,,"stage=e7; tau=0.950; jaccard=0.700; channels=text; fingerprint={""provided"": 156671}"
rerun_tierb_ds2,ds2,5,0.05,0.1,detect_dual,0.96,,,,,,,,,,,20260214,,,,,,,,,,,,,,,,,,,,,,,,,,,,,,,,,,,,,detect_dual,0.95,0.7,200,0.04,2.445,,,,,,,,,,,,,,,,,,,,,,200,,,0.96,,,,"stage=e7; tau=0.950; jaccard=0.700; channels=vector+text; fingerprint={""provided"": 156671}"
rerun_tierb_ds2,ds2,5,0.05,0.1,detect_vector_only,0.89,,,,,,,,,,,20260214,,,,,,,,,,,,,,,,,,,,,,,,,,,,,,,,,,,,,detect_vector_only,0.95,0.8,200,0.11,2.295,,,,,,,,,,,,,,,,,,,,,,200,,,0.89,,,,"stage=e7; tau=0.950; jaccard=0.800; channels=vector; fingerprint={""provided"": 156671}"
rerun_tierb_ds2,ds2,5,0.05,0.1,detect_text_only,0.705,,,,,,,,,,,20260214,,,,,,,,,,,,,,,,,,,,,,,,,,,,,,,,,,,,,detect_text_only,0.95,0.8,200,0.295,2.13,,,,,,,,,,,,,,,,,,,,,,200,,,0.705,,,,"stage=e7; tau=0.950; jaccard=0.800; channels=text; fingerprint={""provided"": 156671}"
rerun_tierb_ds2,ds2,5,0.05,0.1,detect_dual,0.93,,,,,,,,,,,20260214,,,,,,,,,,,,,,,,,,,,,,,,,,,,,,,,,,,,,detect_dual,0.95,0.8,200,0.07,2.38,,,,,,,,,,,,,,,,,,,,,,200,,,0.93,,,,"stage=e7; tau=0.950; jaccard=0.800; channels=vector+text; fingerprint={""provided"": 156671}"
rerun_tierb_ds2,ds2,5,0.05,0.1,detect_vector_only,0.89,,,,,,,,,,,20260214,,,,,,,,,,,,,,,,,,,,,,,,,,,,,,,,,,,,,detect_vector_only,0.95,0.9,200,0.11,2.295,,,,,,,,,,,,,,,,,,,,,,200,,,0.89,,,,"stage=e7; tau=0.950; jaccard=0.900; channels=vector; fingerprint={""provided"": 156671}"
rerun_tierb_ds2,ds2,5,0.05,0.1,detect_text_only,0.34,,,,,,,,,,,20260214,,,,,,,,,,,,,,,,,,,,,,,,,,,,,,,,,,,,,detect_text_only,0.95,0.9,200,0.66,1.745,,,,,,,,,,,,,,,,,,,,,,200,,,0.34,,,,"stage=e7; tau=0.950; jaccard=0.900; channels=text; fingerprint={""provided"": 156671}"
rerun_tierb_ds2,ds2,5,0.05,0.1,detect_dual,0.915,,,,,,,,,,,20260214,,,,,,,,,,,,,,,,,,,,,,,,,,,,,,,,,,,,,detect_dual,0.95,0.9,200,0.085,2.355,,,,,,,,,,,,,,,,,,,,,,200,,,0.915,,,,"stage=e7; tau=0.950; jaccard=0.900; channels=vector+text; fingerprint={""provided"": 156671}"
